tconst,titleType,primaryTitle,originalTitle,isAdult,startYear,endYear,runtimeMinutes,genres,Episodetconst,seasonNumber,episodeNumber,AverageRating,NumVotes,titleId,ordering,title,region,language,types,attributes,isOriginalTitle
tt0088510,tvSeries,star wars: droids,Star Wars: Droids,0,1985,1986,\N,"Action,Adventure,Animation",tt0814126,\N,\N,6,232,tt0814126,1,Star Wars: Animated Adventures - The Great Heep,NL,\N,imdbDisplay,\N,0
tt0088510,tvSeries,star wars: droids,Star Wars: Droids,0,1985,1986,\N,"Action,Adventure,Animation",tt0837295,1,4,7.1,104,,,,,,,,
tt0088510,tvSeries,star wars: droids,Star Wars: Droids,0,1985,1986,\N,"Action,Adventure,Animation",tt0837296,1,12,6.7,83,,,,,,,,
tt0088510,tvSeries,star wars: droids,Star Wars: Droids,0,1985,1986,\N,"Action,Adventure,Animation",tt0837297,1,9,6.5,87,,,,,,,,
tt0088510,tvSeries,star wars: droids,Star Wars: Droids,0,1985,1986,\N,"Action,Adventure,Animation",tt0837298,1,2,6,108,,,,,,,,
tt0088510,tvSeries,star wars: droids,Star Wars: Droids,0,1985,1986,\N,"Action,Adventure,Animation",tt0837299,1,10,6.8,91,,,,,,,,
tt0088510,tvSeries,star wars: droids,Star Wars: Droids,0,1985,1986,\N,"Action,Adventure,Animation",tt0837300,1,13,6.8,81,,,,,,,,
tt0088510,tvSeries,star wars: droids,Star Wars: Droids,0,1985,1986,\N,"Action,Adventure,Animation",tt0837303,1,5,6.6,101,,,,,,,,
tt0088510,tvSeries,star wars: droids,Star Wars: Droids,0,1985,1986,\N,"Action,Adventure,Animation",tt0837304,1,6,6.7,98,,,,,,,,
tt0088510,tvSeries,star wars: droids,Star Wars: Droids,0,1985,1986,\N,"Action,Adventure,Animation",tt0837305,1,7,6.2,95,,,,,,,,
tt0088510,tvSeries,star wars: droids,Star Wars: Droids,0,1985,1986,\N,"Action,Adventure,Animation",tt0837306,1,8,6.2,96,,,,,,,,
tt0088510,tvSeries,star wars: droids,Star Wars: Droids,0,1985,1986,\N,"Action,Adventure,Animation",tt0837307,1,11,6.7,86,,,,,,,,
tt0088510,tvSeries,star wars: droids,Star Wars: Droids,0,1985,1986,\N,"Action,Adventure,Animation",tt0837308,1,3,6.2,102,,,,,,,,
tt0088510,tvSeries,star wars: droids,Star Wars: Droids,0,1985,1986,\N,"Action,Adventure,Animation",tt0837309,1,1,5.9,133,tt0837309,1,The White Witch,US,\N,\N,\N,0
tt0361243,tvSeries,star wars: clone wars,Star Wars: Clone Wars,0,2003,2005,133,"Action,Adventure,Animation",tt0859523,1,1,7.5,541,,,,,,,,
tt0361243,tvSeries,star wars: clone wars,Star Wars: Clone Wars,0,2003,2005,133,"Action,Adventure,Animation",tt0859524,1,2,7.6,494,,,,,,,,
tt0361243,tvSeries,star wars: clone wars,Star Wars: Clone Wars,0,2003,2005,133,"Action,Adventure,Animation",tt0859525,1,3,7.8,491,,,,,,,,
tt0361243,tvSeries,star wars: clone wars,Star Wars: Clone Wars,0,2003,2005,133,"Action,Adventure,Animation",tt0859526,1,4,7.6,484,,,,,,,,
tt0361243,tvSeries,star wars: clone wars,Star Wars: Clone Wars,0,2003,2005,133,"Action,Adventure,Animation",tt0859527,1,9,8,471,,,,,,,,
tt0361243,tvSeries,star wars: clone wars,Star Wars: Clone Wars,0,2003,2005,133,"Action,Adventure,Animation",tt0859528,1,5,7.7,482,,,,,,,,
tt0361243,tvSeries,star wars: clone wars,Star Wars: Clone Wars,0,2003,2005,133,"Action,Adventure,Animation",tt0859529,1,6,8.1,485,,,,,,,,
tt0361243,tvSeries,star wars: clone wars,Star Wars: Clone Wars,0,2003,2005,133,"Action,Adventure,Animation",tt0859530,1,7,8.1,480,,,,,,,,
tt0361243,tvSeries,star wars: clone wars,Star Wars: Clone Wars,0,2003,2005,133,"Action,Adventure,Animation",tt0859531,1,8,8.1,475,,,,,,,,
tt0361243,tvSeries,star wars: clone wars,Star Wars: Clone Wars,0,2003,2005,133,"Action,Adventure,Animation",tt0859532,1,10,7.8,472,,,,,,,,
tt0361243,tvSeries,star wars: clone wars,Star Wars: Clone Wars,0,2003,2005,133,"Action,Adventure,Animation",tt0859533,2,1,7.8,462,,,,,,,,
tt0361243,tvSeries,star wars: clone wars,Star Wars: Clone Wars,0,2003,2005,133,"Action,Adventure,Animation",tt0859534,2,2,8.2,470,,,,,,,,
tt0361243,tvSeries,star wars: clone wars,Star Wars: Clone Wars,0,2003,2005,133,"Action,Adventure,Animation",tt0859535,2,3,8.5,480,,,,,,,,
tt0361243,tvSeries,star wars: clone wars,Star Wars: Clone Wars,0,2003,2005,133,"Action,Adventure,Animation",tt0859536,2,4,7.7,457,,,,,,,,
tt0361243,tvSeries,star wars: clone wars,Star Wars: Clone Wars,0,2003,2005,133,"Action,Adventure,Animation",tt0859537,2,9,8.8,504,,,,,,,,
tt0361243,tvSeries,star wars: clone wars,Star Wars: Clone Wars,0,2003,2005,133,"Action,Adventure,Animation",tt0859538,2,5,7.7,459,,,,,,,,
tt0361243,tvSeries,star wars: clone wars,Star Wars: Clone Wars,0,2003,2005,133,"Action,Adventure,Animation",tt0859539,2,6,7.4,458,,,,,,,,
tt0361243,tvSeries,star wars: clone wars,Star Wars: Clone Wars,0,2003,2005,133,"Action,Adventure,Animation",tt0859540,2,7,8.1,460,,,,,,,,
tt0361243,tvSeries,star wars: clone wars,Star Wars: Clone Wars,0,2003,2005,133,"Action,Adventure,Animation",tt0859541,2,8,8.4,464,,,,,,,,
tt0361243,tvSeries,star wars: clone wars,Star Wars: Clone Wars,0,2003,2005,133,"Action,Adventure,Animation",tt0859542,2,10,8.7,510,,,,,,,,
tt0361243,tvSeries,star wars: clone wars,Star Wars: Clone Wars,0,2003,2005,133,"Action,Adventure,Animation",tt0859543,3,1,8.4,453,,,,,,,,
tt0361243,tvSeries,star wars: clone wars,Star Wars: Clone Wars,0,2003,2005,133,"Action,Adventure,Animation",tt0859544,3,2,8,435,,,,,,,,
tt0361243,tvSeries,star wars: clone wars,Star Wars: Clone Wars,0,2003,2005,133,"Action,Adventure,Animation",tt0859545,3,3,8.4,438,,,,,,,,
tt0361243,tvSeries,star wars: clone wars,Star Wars: Clone Wars,0,2003,2005,133,"Action,Adventure,Animation",tt0859546,3,4,8.5,443,,,,,,,,
tt0361243,tvSeries,star wars: clone wars,Star Wars: Clone Wars,0,2003,2005,133,"Action,Adventure,Animation",tt0859547,3,5,8.7,467,,,,,,,,
tt10799452,tvSeries,star wars: roll out,Star Wars: Roll Out,0,2019,2020,\N,"Animation,Family,Sci-Fi",tt10819950,1,1,5.4,10,,,,,,,,
tt10799452,tvSeries,star wars: roll out,Star Wars: Roll Out,0,2019,2020,\N,"Animation,Family,Sci-Fi",tt10819954,1,2,5.6,9,,,,,,,,
tt10799452,tvSeries,star wars: roll out,Star Wars: Roll Out,0,2019,2020,\N,"Animation,Family,Sci-Fi",tt10855758,1,3,5.8,9,,,,,,,,
tt10799452,tvSeries,star wars: roll out,Star Wars: Roll Out,0,2019,2020,\N,"Animation,Family,Sci-Fi",tt10902012,1,4,6.2,8,,,,,,,,
tt10799452,tvSeries,star wars: roll out,Star Wars: Roll Out,0,2019,2020,\N,"Animation,Family,Sci-Fi",tt10931026,1,5,6.5,8,,,,,,,,
tt10799452,tvSeries,star wars: roll out,Star Wars: Roll Out,0,2019,2020,\N,"Animation,Family,Sci-Fi",tt10956464,1,6,6.4,7,,,,,,,,
tt10799452,tvSeries,star wars: roll out,Star Wars: Roll Out,0,2019,2020,\N,"Animation,Family,Sci-Fi",tt10990672,1,7,6.1,8,,,,,,,,
tt2930604,tvSeries,star wars: rebels,Star Wars: Rebels,0,2014,2018,22,"Action,Adventure,Animation",tt11005164,2,21,9.3,1535,,,,,,,,
tt10799452,tvSeries,star wars: roll out,Star Wars: Roll Out,0,2019,2020,\N,"Animation,Family,Sci-Fi",tt11027428,1,8,6.1,8,,,,,,,,
tt11038354,tvSeries,star wars: crusade of the rebellion,Star Wars: Crusade of the Rebellion,0,2018,\N,\N,Sci-Fi,tt11038450,1,1,,,,,,,,,,
tt11038354,tvSeries,star wars: crusade of the rebellion,Star Wars: Crusade of the Rebellion,0,2018,\N,\N,Sci-Fi,tt11038522,1,2,,,,,,,,,,
tt11038354,tvSeries,star wars: crusade of the rebellion,Star Wars: Crusade of the Rebellion,0,2018,\N,\N,Sci-Fi,tt11038622,1,3,,,,,,,,,,
tt11038354,tvSeries,star wars: crusade of the rebellion,Star Wars: Crusade of the Rebellion,0,2018,\N,\N,Sci-Fi,tt11038658,1,4,,,,,,,,,,
tt11038354,tvSeries,star wars: crusade of the rebellion,Star Wars: Crusade of the Rebellion,0,2018,\N,\N,Sci-Fi,tt11038816,1,5,,,,,,,,,,
tt11038354,tvSeries,star wars: crusade of the rebellion,Star Wars: Crusade of the Rebellion,0,2018,\N,\N,Sci-Fi,tt11038826,1,6,,,,,,,,,,
tt10799452,tvSeries,star wars: roll out,Star Wars: Roll Out,0,2019,2020,\N,"Animation,Family,Sci-Fi",tt11067538,1,9,6.1,8,,,,,,,,
tt10799452,tvSeries,star wars: roll out,Star Wars: Roll Out,0,2019,2020,\N,"Animation,Family,Sci-Fi",tt11107432,1,10,6.2,8,,,,,,,,
tt10799452,tvSeries,star wars: roll out,Star Wars: Roll Out,0,2019,2020,\N,"Animation,Family,Sci-Fi",tt11143354,1,11,6.1,8,,,,,,,,
tt10799452,tvSeries,star wars: roll out,Star Wars: Roll Out,0,2019,2020,\N,"Animation,Family,Sci-Fi",tt11178316,1,12,6.2,8,,,,,,,,
tt10799452,tvSeries,star wars: roll out,Star Wars: Roll Out,0,2019,2020,\N,"Animation,Family,Sci-Fi",tt11189004,1,13,6.1,8,,,,,,,,
tt2930604,tvSeries,star wars: rebels,Star Wars: Rebels,0,2014,2018,22,"Action,Adventure,Animation",tt11278778,2,3,8,1089,,,,,,,,
tt2930604,tvSeries,star wars: rebels,Star Wars: Rebels,0,2014,2018,22,"Action,Adventure,Animation",tt11941564,1,3,6.7,1027,,,,,,,,
tt10799452,tvSeries,star wars: roll out,Star Wars: Roll Out,0,2019,2020,\N,"Animation,Family,Sci-Fi",tt11991120,1,14,6.8,8,,,,,,,,
tt10799452,tvSeries,star wars: roll out,Star Wars: Roll Out,0,2019,2020,\N,"Animation,Family,Sci-Fi",tt12035698,1,15,6.8,8,,,,,,,,
tt10799452,tvSeries,star wars: roll out,Star Wars: Roll Out,0,2019,2020,\N,"Animation,Family,Sci-Fi",tt12083354,1,16,6,7,,,,,,,,
tt12708542,tvSeries,star wars: the bad batch,Star Wars: The Bad Batch,0,2021,\N,\N,"Action,Adventure,Animation",tt12711128,1,1,8.9,5452,tt12711128,2,Aftermath,\N,\N,original,\N,1
tt0458290,tvSeries,star wars: the clone wars,Star Wars: The Clone Wars,0,2008,2020,23,"Action,Adventure,Animation",tt1288767,1,1,7.3,4128,tt1288767,1,Ambush,US,\N,\N,\N,0
tt0458290,tvSeries,star wars: the clone wars,Star Wars: The Clone Wars,0,2008,2020,23,"Action,Adventure,Animation",tt1288768,1,2,7.4,3652,tt1288768,1,Rising Malevolence,US,\N,\N,\N,0
tt0458290,tvSeries,star wars: the clone wars,Star Wars: The Clone Wars,0,2008,2020,23,"Action,Adventure,Animation",tt1292833,1,4,7.4,3328,tt1292833,1,Destroy Malevolence,US,\N,\N,\N,0
tt0458290,tvSeries,star wars: the clone wars,Star Wars: The Clone Wars,0,2008,2020,23,"Action,Adventure,Animation",tt1292834,1,6,6.7,3080,tt1292834,1,Downfall of a Droid,US,\N,\N,\N,0
tt0458290,tvSeries,star wars: the clone wars,Star Wars: The Clone Wars,0,2008,2020,23,"Action,Adventure,Animation",tt1292835,1,5,7.9,3592,tt1292835,1,Rookies,US,\N,\N,\N,0
tt0458290,tvSeries,star wars: the clone wars,Star Wars: The Clone Wars,0,2008,2020,23,"Action,Adventure,Animation",tt1292836,1,3,7.3,3425,tt1292836,1,Shadow of Malevolence,US,\N,\N,\N,0
tt0458290,tvSeries,star wars: the clone wars,Star Wars: The Clone Wars,0,2008,2020,23,"Action,Adventure,Animation",tt1320037,1,7,7.2,3059,tt1320037,1,Duel of the Droids,US,\N,\N,\N,0
tt0458290,tvSeries,star wars: the clone wars,Star Wars: The Clone Wars,0,2008,2020,23,"Action,Adventure,Animation",tt1322834,1,10,8.1,3247,tt1322834,1,Lair of Grievous,US,\N,\N,\N,0
tt0458290,tvSeries,star wars: the clone wars,Star Wars: The Clone Wars,0,2008,2020,23,"Action,Adventure,Animation",tt1322835,1,11,7.3,2886,tt1322835,1,Dooku Captured,US,\N,\N,\N,0
tt0458290,tvSeries,star wars: the clone wars,Star Wars: The Clone Wars,0,2008,2020,23,"Action,Adventure,Animation",tt1322836,1,8,6.1,3147,tt1322836,1,Bombad Jedi,US,\N,\N,\N,0
tt0458290,tvSeries,star wars: the clone wars,Star Wars: The Clone Wars,0,2008,2020,23,"Action,Adventure,Animation",tt1322837,1,9,8,3171,tt1322837,1,Cloak of Darkness,US,\N,\N,\N,0
tt0458290,tvSeries,star wars: the clone wars,Star Wars: The Clone Wars,0,2008,2020,23,"Action,Adventure,Animation",tt1345253,1,14,7.4,2799,tt1345253,1,Defenders of Peace,US,\N,\N,\N,0
tt0458290,tvSeries,star wars: the clone wars,Star Wars: The Clone Wars,0,2008,2020,23,"Action,Adventure,Animation",tt1345254,1,13,7.4,2824,tt1345254,1,Jedi Crash,US,\N,\N,\N,0
tt0458290,tvSeries,star wars: the clone wars,Star Wars: The Clone Wars,0,2008,2020,23,"Action,Adventure,Animation",tt1345675,1,12,7,2816,tt1345675,1,The Gungan General,US,\N,\N,\N,0
tt0458290,tvSeries,star wars: the clone wars,Star Wars: The Clone Wars,0,2008,2020,23,"Action,Adventure,Animation",tt1345740,1,15,7.7,2882,tt1345740,1,Trespass,US,\N,\N,\N,0
tt0458290,tvSeries,star wars: the clone wars,Star Wars: The Clone Wars,0,2008,2020,23,"Action,Adventure,Animation",tt1371607,1,17,6.7,2706,tt1371607,1,Blue Shadow Virus,US,\N,\N,\N,0
tt0458290,tvSeries,star wars: the clone wars,Star Wars: The Clone Wars,0,2008,2020,23,"Action,Adventure,Animation",tt1371608,1,16,7.7,2902,tt1371608,1,The Hidden Enemy,US,\N,\N,\N,0
tt0458290,tvSeries,star wars: the clone wars,Star Wars: The Clone Wars,0,2008,2020,23,"Action,Adventure,Animation",tt1380659,1,22,7.9,2779,tt1380659,1,Hostage Crisis,US,\N,\N,\N,0
tt0458290,tvSeries,star wars: the clone wars,Star Wars: The Clone Wars,0,2008,2020,23,"Action,Adventure,Animation",tt1380660,1,20,8,2835,tt1380660,1,Innocents of Ryloth,US,\N,\N,\N,0
tt0458290,tvSeries,star wars: the clone wars,Star Wars: The Clone Wars,0,2008,2020,23,"Action,Adventure,Animation",tt1380662,1,21,7.6,2678,tt1380662,1,Liberty on Ryloth,US,\N,\N,\N,0
tt0458290,tvSeries,star wars: the clone wars,Star Wars: The Clone Wars,0,2008,2020,23,"Action,Adventure,Animation",tt1380663,1,18,7,2629,tt1380663,1,Mystery of a Thousand Moons,US,\N,\N,\N,0
tt0458290,tvSeries,star wars: the clone wars,Star Wars: The Clone Wars,0,2008,2020,23,"Action,Adventure,Animation",tt1380664,1,19,7.6,2739,tt1380664,1,Storm Over Ryloth,US,\N,\N,\N,0
tt12708542,tvSeries,star wars: the bad batch,Star Wars: The Bad Batch,0,2021,\N,\N,"Action,Adventure,Animation",tt14120078,1,2,7.5,3904,tt14120078,1,Cut and Run,US,\N,\N,\N,0
tt12708542,tvSeries,star wars: the bad batch,Star Wars: The Bad Batch,0,2021,\N,\N,"Action,Adventure,Animation",tt14149802,1,3,7.8,3333,tt14149802,1,Replacements,US,\N,\N,\N,0
tt12708542,tvSeries,star wars: the bad batch,Star Wars: The Bad Batch,0,2021,\N,\N,"Action,Adventure,Animation",tt14417986,1,5,7.3,2826,tt14417986,1,Rampage,US,\N,\N,\N,0
tt12708542,tvSeries,star wars: the bad batch,Star Wars: The Bad Batch,0,2021,\N,\N,"Action,Adventure,Animation",tt14417988,1,4,7.5,3003,tt14417988,1,Cornered,US,\N,\N,\N,0
tt12708542,tvSeries,star wars: the bad batch,Star Wars: The Bad Batch,0,2021,\N,\N,"Action,Adventure,Animation",tt14418064,1,7,8.4,2997,tt14418064,1,Battle Scars,US,\N,\N,\N,0
tt12708542,tvSeries,star wars: the bad batch,Star Wars: The Bad Batch,0,2021,\N,\N,"Action,Adventure,Animation",tt14418066,1,6,7.2,2815,tt14418066,1,Decommissioned,US,\N,\N,\N,0
tt12708542,tvSeries,star wars: the bad batch,Star Wars: The Bad Batch,0,2021,\N,\N,"Action,Adventure,Animation",tt14418068,1,10,7.4,2376,tt14418068,1,Common Ground,US,\N,\N,\N,0
tt12708542,tvSeries,star wars: the bad batch,Star Wars: The Bad Batch,0,2021,\N,\N,"Action,Adventure,Animation",tt14418070,1,9,8.3,2578,tt14418070,1,Bounty Lost,US,\N,\N,\N,0
tt12708542,tvSeries,star wars: the bad batch,Star Wars: The Bad Batch,0,2021,\N,\N,"Action,Adventure,Animation",tt14418072,1,8,8.8,3073,tt14418072,1,Reunion,US,\N,\N,\N,0
tt12708542,tvSeries,star wars: the bad batch,Star Wars: The Bad Batch,0,2021,\N,\N,"Action,Adventure,Animation",tt14418672,1,11,7.9,2506,tt14418672,1,Devil's Deal,US,\N,\N,\N,0
tt12708542,tvSeries,star wars: the bad batch,Star Wars: The Bad Batch,0,2021,\N,\N,"Action,Adventure,Animation",tt14418674,1,12,8,2279,tt14418674,1,Rescue on Ryloth,US,\N,\N,\N,0
tt12708542,tvSeries,star wars: the bad batch,Star Wars: The Bad Batch,0,2021,\N,\N,"Action,Adventure,Animation",tt14418676,1,14,8.4,2281,tt14418676,1,War-Mantle,US,\N,\N,\N,0
tt12708542,tvSeries,star wars: the bad batch,Star Wars: The Bad Batch,0,2021,\N,\N,"Action,Adventure,Animation",tt14418678,1,13,6.5,2214,tt14418678,1,Infested,US,\N,\N,\N,0
tt12708542,tvSeries,star wars: the bad batch,Star Wars: The Bad Batch,0,2021,\N,\N,"Action,Adventure,Animation",tt14576488,1,15,9,2472,tt14576488,1,Return to Kamino,US,\N,\N,\N,0
tt12708542,tvSeries,star wars: the bad batch,Star Wars: The Bad Batch,0,2021,\N,\N,"Action,Adventure,Animation",tt14576506,1,16,8.1,2115,tt14576506,1,Kamino Lost,US,\N,\N,\N,0
tt2930604,tvSeries,star wars: rebels,Star Wars: Rebels,0,2014,2018,22,"Action,Adventure,Animation",tt14618204,3,2,7.9,347,,,,,,,,
tt0458290,tvSeries,star wars: the clone wars,Star Wars: The Clone Wars,0,2008,2020,23,"Action,Adventure,Animation",tt1517135,2,2,8,2655,tt1517135,1,Cargo of Doom,US,\N,\N,\N,0
tt0458290,tvSeries,star wars: the clone wars,Star Wars: The Clone Wars,0,2008,2020,23,"Action,Adventure,Animation",tt1517136,2,3,7.7,2562,tt1517136,1,Children of the Force,US,\N,\N,\N,0
tt0458290,tvSeries,star wars: the clone wars,Star Wars: The Clone Wars,0,2008,2020,23,"Action,Adventure,Animation",tt1517137,2,1,7.9,2694,tt1517137,1,Holocron Heist,US,\N,\N,\N,0
tt12708542,tvSeries,star wars: the bad batch,Star Wars: The Bad Batch,0,2021,\N,\N,"Action,Adventure,Animation",tt15176372,2,1,7.9,26772,tt15176372,7,Episodio #2.1,IT,it,\N,\N,0
tt0458290,tvSeries,star wars: the clone wars,Star Wars: The Clone Wars,0,2008,2020,23,"Action,Adventure,Animation",tt1531365,2,4,7,2460,tt1531365,1,Senate Spy,US,\N,\N,\N,0
tt0458290,tvSeries,star wars: the clone wars,Star Wars: The Clone Wars,0,2008,2020,23,"Action,Adventure,Animation",tt1535506,2,5,8.2,2830,tt1535506,1,Landing at Point Rain,US,\N,\N,\N,0
tt0458290,tvSeries,star wars: the clone wars,Star Wars: The Clone Wars,0,2008,2020,23,"Action,Adventure,Animation",tt1541414,2,6,7.8,2534,tt1541414,1,Weapons Factory,US,\N,\N,\N,0
tt0458290,tvSeries,star wars: the clone wars,Star Wars: The Clone Wars,0,2008,2020,23,"Action,Adventure,Animation",tt1555788,2,8,8,2578,,,,,,,,
tt0458290,tvSeries,star wars: the clone wars,Star Wars: The Clone Wars,0,2008,2020,23,"Action,Adventure,Animation",tt1555789,2,7,7.7,2496,,,,,,,,
tt0458290,tvSeries,star wars: the clone wars,Star Wars: The Clone Wars,0,2008,2020,23,"Action,Adventure,Animation",tt1558186,2,10,8.1,2568,,,,,,,,
tt0458290,tvSeries,star wars: the clone wars,Star Wars: The Clone Wars,0,2008,2020,23,"Action,Adventure,Animation",tt1558187,2,11,7.6,2492,tt1558187,1,Lightsaber Lost,US,\N,\N,\N,0
tt0458290,tvSeries,star wars: the clone wars,Star Wars: The Clone Wars,0,2008,2020,23,"Action,Adventure,Animation",tt1558188,2,12,8,2620,tt1558188,1,The Mandalore Plot,US,\N,\N,\N,0
tt0458290,tvSeries,star wars: the clone wars,Star Wars: The Clone Wars,0,2008,2020,23,"Action,Adventure,Animation",tt1558189,2,13,8.1,2615,tt1558189,1,Voyage of Temptation,US,\N,\N,\N,0
tt0458290,tvSeries,star wars: the clone wars,Star Wars: The Clone Wars,0,2008,2020,23,"Action,Adventure,Animation",tt1558190,2,14,7.6,2442,tt1558190,1,Duchess of Mandalore,US,\N,\N,\N,0
tt0458290,tvSeries,star wars: the clone wars,Star Wars: The Clone Wars,0,2008,2020,23,"Action,Adventure,Animation",tt1558191,2,15,6.8,2257,tt1558191,1,Senate Murders,US,\N,\N,\N,0
tt0458290,tvSeries,star wars: the clone wars,Star Wars: The Clone Wars,0,2008,2020,23,"Action,Adventure,Animation",tt1558192,2,16,7.5,2568,tt1558192,1,Cat and Mouse,US,\N,\N,\N,0
tt0458290,tvSeries,star wars: the clone wars,Star Wars: The Clone Wars,0,2008,2020,23,"Action,Adventure,Animation",tt1558193,2,9,7.9,2444,tt1558193,1,Grievous Intrigue,US,\N,\N,\N,0
tt0458290,tvSeries,star wars: the clone wars,Star Wars: The Clone Wars,0,2008,2020,23,"Action,Adventure,Animation",tt1618280,2,17,7.5,2369,tt1618280,1,Bounty Hunters,US,\N,\N,\N,0
tt0458290,tvSeries,star wars: the clone wars,Star Wars: The Clone Wars,0,2008,2020,23,"Action,Adventure,Animation",tt1626030,2,20,7.8,2384,tt1626030,1,Death Trap,US,\N,\N,\N,0
tt0458290,tvSeries,star wars: the clone wars,Star Wars: The Clone Wars,0,2008,2020,23,"Action,Adventure,Animation",tt1626031,2,22,8,2373,tt1626031,1,Lethal Trackdown,US,\N,\N,\N,0
tt0458290,tvSeries,star wars: the clone wars,Star Wars: The Clone Wars,0,2008,2020,23,"Action,Adventure,Animation",tt1626032,2,21,7.6,2310,tt1626032,1,R2 Come Home,US,\N,\N,\N,0
tt0458290,tvSeries,star wars: the clone wars,Star Wars: The Clone Wars,0,2008,2020,23,"Action,Adventure,Animation",tt1626033,2,18,7.4,2340,tt1626033,1,The Zillo Beast,US,\N,\N,\N,0
tt0458290,tvSeries,star wars: the clone wars,Star Wars: The Clone Wars,0,2008,2020,23,"Action,Adventure,Animation",tt1626034,2,19,7.6,2370,tt1626034,1,The Zillo Beast Strikes Back,US,\N,\N,\N,0
tt0458290,tvSeries,star wars: the clone wars,Star Wars: The Clone Wars,0,2008,2020,23,"Action,Adventure,Animation",tt1707609,3,1,7.8,2869,,,,,,,,
tt0458290,tvSeries,star wars: the clone wars,Star Wars: The Clone Wars,0,2008,2020,23,"Action,Adventure,Animation",tt1707610,3,10,7.6,2259,,,,,,,,
tt0458290,tvSeries,star wars: the clone wars,Star Wars: The Clone Wars,0,2008,2020,23,"Action,Adventure,Animation",tt1707611,3,11,7.2,2170,,,,,,,,
tt0458290,tvSeries,star wars: the clone wars,Star Wars: The Clone Wars,0,2008,2020,23,"Action,Adventure,Animation",tt1707612,3,12,8.6,2875,,,,,,,,
tt0458290,tvSeries,star wars: the clone wars,Star Wars: The Clone Wars,0,2008,2020,23,"Action,Adventure,Animation",tt1707613,3,13,8.7,2923,,,,,,,,
tt0458290,tvSeries,star wars: the clone wars,Star Wars: The Clone Wars,0,2008,2020,23,"Action,Adventure,Animation",tt1707614,3,14,8.9,2956,,,,,,,,
tt0458290,tvSeries,star wars: the clone wars,Star Wars: The Clone Wars,0,2008,2020,23,"Action,Adventure,Animation",tt1707615,3,15,8.9,3272,,,,,,,,
tt0458290,tvSeries,star wars: the clone wars,Star Wars: The Clone Wars,0,2008,2020,23,"Action,Adventure,Animation",tt1707616,3,16,8.6,2995,,,,,,,,
tt0458290,tvSeries,star wars: the clone wars,Star Wars: The Clone Wars,0,2008,2020,23,"Action,Adventure,Animation",tt1707617,3,17,8.9,3152,,,,,,,,
tt0458290,tvSeries,star wars: the clone wars,Star Wars: The Clone Wars,0,2008,2020,23,"Action,Adventure,Animation",tt1707618,3,18,8.1,2367,,,,,,,,
tt0458290,tvSeries,star wars: the clone wars,Star Wars: The Clone Wars,0,2008,2020,23,"Action,Adventure,Animation",tt1707619,3,19,8.1,2287,,,,,,,,
tt0458290,tvSeries,star wars: the clone wars,Star Wars: The Clone Wars,0,2008,2020,23,"Action,Adventure,Animation",tt1707620,3,2,8.5,2810,,,,,,,,
tt0458290,tvSeries,star wars: the clone wars,Star Wars: The Clone Wars,0,2008,2020,23,"Action,Adventure,Animation",tt1707621,3,20,8.2,2314,,,,,,,,
tt0458290,tvSeries,star wars: the clone wars,Star Wars: The Clone Wars,0,2008,2020,23,"Action,Adventure,Animation",tt1707622,3,21,7.7,2223,,,,,,,,
tt0458290,tvSeries,star wars: the clone wars,Star Wars: The Clone Wars,0,2008,2020,23,"Action,Adventure,Animation",tt1707623,3,22,8,2277,,,,,,,,
tt0458290,tvSeries,star wars: the clone wars,Star Wars: The Clone Wars,0,2008,2020,23,"Action,Adventure,Animation",tt1707624,3,3,7,2412,,,,,,,,
tt0458290,tvSeries,star wars: the clone wars,Star Wars: The Clone Wars,0,2008,2020,23,"Action,Adventure,Animation",tt1707625,3,4,7,2166,,,,,,,,
tt0458290,tvSeries,star wars: the clone wars,Star Wars: The Clone Wars,0,2008,2020,23,"Action,Adventure,Animation",tt1707626,3,5,6.8,2248,,,,,,,,
tt0458290,tvSeries,star wars: the clone wars,Star Wars: The Clone Wars,0,2008,2020,23,"Action,Adventure,Animation",tt1707627,3,6,6.9,2212,,,,,,,,
tt0458290,tvSeries,star wars: the clone wars,Star Wars: The Clone Wars,0,2008,2020,23,"Action,Adventure,Animation",tt1707628,3,7,7.6,2255,,,,,,,,
tt0458290,tvSeries,star wars: the clone wars,Star Wars: The Clone Wars,0,2008,2020,23,"Action,Adventure,Animation",tt1707629,3,8,6.2,2189,,,,,,,,
tt0458290,tvSeries,star wars: the clone wars,Star Wars: The Clone Wars,0,2008,2020,23,"Action,Adventure,Animation",tt1707630,3,9,7.2,2218,,,,,,,,
tt0458290,tvSeries,star wars: the clone wars,Star Wars: The Clone Wars,0,2008,2020,23,"Action,Adventure,Animation",tt2024226,4,3,7.2,2088,,,,,,,,
tt0458290,tvSeries,star wars: the clone wars,Star Wars: The Clone Wars,0,2008,2020,23,"Action,Adventure,Animation",tt2024227,4,4,7.2,2051,,,,,,,,
tt0458290,tvSeries,star wars: the clone wars,Star Wars: The Clone Wars,0,2008,2020,23,"Action,Adventure,Animation",tt2024228,4,5,6.1,2082,,,,,,,,
tt0458290,tvSeries,star wars: the clone wars,Star Wars: The Clone Wars,0,2008,2020,23,"Action,Adventure,Animation",tt2024229,4,2,7.1,2120,,,,,,,,
tt0458290,tvSeries,star wars: the clone wars,Star Wars: The Clone Wars,0,2008,2020,23,"Action,Adventure,Animation",tt2024230,4,1,7.1,2200,,,,,,,,
tt0458290,tvSeries,star wars: the clone wars,Star Wars: The Clone Wars,0,2008,2020,23,"Action,Adventure,Animation",tt2069532,4,7,8.5,2871,,,,,,,,
tt0458290,tvSeries,star wars: the clone wars,Star Wars: The Clone Wars,0,2008,2020,23,"Action,Adventure,Animation",tt2069533,4,6,6.3,2066,,,,,,,,
tt0458290,tvSeries,star wars: the clone wars,Star Wars: The Clone Wars,0,2008,2020,23,"Action,Adventure,Animation",tt2071926,4,8,8.6,2818,,,,,,,,
tt0458290,tvSeries,star wars: the clone wars,Star Wars: The Clone Wars,0,2008,2020,23,"Action,Adventure,Animation",tt2098413,4,10,9.3,3515,,,,,,,,
tt0458290,tvSeries,star wars: the clone wars,Star Wars: The Clone Wars,0,2008,2020,23,"Action,Adventure,Animation",tt2098414,4,13,8.1,2171,,,,,,,,
tt0458290,tvSeries,star wars: the clone wars,Star Wars: The Clone Wars,0,2008,2020,23,"Action,Adventure,Animation",tt2098415,4,11,7.7,2098,,,,,,,,
tt0458290,tvSeries,star wars: the clone wars,Star Wars: The Clone Wars,0,2008,2020,23,"Action,Adventure,Animation",tt2098416,4,9,8.7,2818,,,,,,,,
tt0458290,tvSeries,star wars: the clone wars,Star Wars: The Clone Wars,0,2008,2020,23,"Action,Adventure,Animation",tt2098417,4,12,7.9,2141,,,,,,,,
tt0458290,tvSeries,star wars: the clone wars,Star Wars: The Clone Wars,0,2008,2020,23,"Action,Adventure,Animation",tt2132032,4,14,8,2170,,,,,,,,
tt0458290,tvSeries,star wars: the clone wars,Star Wars: The Clone Wars,0,2008,2020,23,"Action,Adventure,Animation",tt2132033,4,20,8.2,2330,,,,,,,,
tt0458290,tvSeries,star wars: the clone wars,Star Wars: The Clone Wars,0,2008,2020,23,"Action,Adventure,Animation",tt2132034,4,21,8.2,2461,,,,,,,,
tt0458290,tvSeries,star wars: the clone wars,Star Wars: The Clone Wars,0,2008,2020,23,"Action,Adventure,Animation",tt2132035,4,18,8.2,2212,,,,,,,,
tt0458290,tvSeries,star wars: the clone wars,Star Wars: The Clone Wars,0,2008,2020,23,"Action,Adventure,Animation",tt2132036,4,15,8.4,2309,,,,,,,,
tt0458290,tvSeries,star wars: the clone wars,Star Wars: The Clone Wars,0,2008,2020,23,"Action,Adventure,Animation",tt2132037,4,16,8.3,2270,,,,,,,,
tt0458290,tvSeries,star wars: the clone wars,Star Wars: The Clone Wars,0,2008,2020,23,"Action,Adventure,Animation",tt2132038,4,19,8,2260,,,,,,,,
tt0458290,tvSeries,star wars: the clone wars,Star Wars: The Clone Wars,0,2008,2020,23,"Action,Adventure,Animation",tt2132039,4,22,9,2983,,,,,,,,
tt0458290,tvSeries,star wars: the clone wars,Star Wars: The Clone Wars,0,2008,2020,23,"Action,Adventure,Animation",tt2132040,4,17,8.7,2528,,,,,,,,
tt0458290,tvSeries,star wars: the clone wars,Star Wars: The Clone Wars,0,2008,2020,23,"Action,Adventure,Animation",tt2226942,5,1,8.8,2866,,,,,,,,
tt0458290,tvSeries,star wars: the clone wars,Star Wars: The Clone Wars,0,2008,2020,23,"Action,Adventure,Animation",tt2226950,5,4,7.5,2022,,,,,,,,
tt0458290,tvSeries,star wars: the clone wars,Star Wars: The Clone Wars,0,2008,2020,23,"Action,Adventure,Animation",tt2226964,5,5,8,2118,,,,,,,,
tt0458290,tvSeries,star wars: the clone wars,Star Wars: The Clone Wars,0,2008,2020,23,"Action,Adventure,Animation",tt2226988,5,2,7.4,2091,,,,,,,,
tt0458290,tvSeries,star wars: the clone wars,Star Wars: The Clone Wars,0,2008,2020,23,"Action,Adventure,Animation",tt2429756,5,3,7.4,2044,,,,,,,,
tt0458290,tvSeries,star wars: the clone wars,Star Wars: The Clone Wars,0,2008,2020,23,"Action,Adventure,Animation",tt2465552,5,10,6.4,2062,,,,,,,,
tt0458290,tvSeries,star wars: the clone wars,Star Wars: The Clone Wars,0,2008,2020,23,"Action,Adventure,Animation",tt2465554,5,11,6.2,2116,,,,,,,,
tt0458290,tvSeries,star wars: the clone wars,Star Wars: The Clone Wars,0,2008,2020,23,"Action,Adventure,Animation",tt2493136,5,6,7.9,2202,,,,,,,,
tt0458290,tvSeries,star wars: the clone wars,Star Wars: The Clone Wars,0,2008,2020,23,"Action,Adventure,Animation",tt2493138,5,7,7.7,2079,,,,,,,,
tt0458290,tvSeries,star wars: the clone wars,Star Wars: The Clone Wars,0,2008,2020,23,"Action,Adventure,Animation",tt2493140,5,8,7.4,2020,,,,,,,,
tt0458290,tvSeries,star wars: the clone wars,Star Wars: The Clone Wars,0,2008,2020,23,"Action,Adventure,Animation",tt2493142,5,9,8,2123,,,,,,,,
tt0458290,tvSeries,star wars: the clone wars,Star Wars: The Clone Wars,0,2008,2020,23,"Action,Adventure,Animation",tt2509308,5,12,7.2,2068,,,,,,,,
tt0458290,tvSeries,star wars: the clone wars,Star Wars: The Clone Wars,0,2008,2020,23,"Action,Adventure,Animation",tt2542352,5,15,9.1,3035,,,,,,,,
tt0458290,tvSeries,star wars: the clone wars,Star Wars: The Clone Wars,0,2008,2020,23,"Action,Adventure,Animation",tt2542354,5,14,8.8,2846,,,,,,,,
tt0458290,tvSeries,star wars: the clone wars,Star Wars: The Clone Wars,0,2008,2020,23,"Action,Adventure,Animation",tt2542356,5,16,9.7,4935,,,,,,,,
tt0458290,tvSeries,star wars: the clone wars,Star Wars: The Clone Wars,0,2008,2020,23,"Action,Adventure,Animation",tt2556022,5,13,7,1980,,,,,,,,
tt0458290,tvSeries,star wars: the clone wars,Star Wars: The Clone Wars,0,2008,2020,23,"Action,Adventure,Animation",tt2628846,5,17,8.1,2447,,,,,,,,
tt0458290,tvSeries,star wars: the clone wars,Star Wars: The Clone Wars,0,2008,2020,23,"Action,Adventure,Animation",tt2628848,5,18,9.1,3070,,,,,,,,
tt0458290,tvSeries,star wars: the clone wars,Star Wars: The Clone Wars,0,2008,2020,23,"Action,Adventure,Animation",tt2628852,5,19,9,3013,,,,,,,,
tt0458290,tvSeries,star wars: the clone wars,Star Wars: The Clone Wars,0,2008,2020,23,"Action,Adventure,Animation",tt2628854,5,20,9.6,4647,,,,,,,,
tt0458290,tvSeries,star wars: the clone wars,Star Wars: The Clone Wars,0,2008,2020,23,"Action,Adventure,Animation",tt3473218,6,1,8.2,2338,,,,,,,,
tt0458290,tvSeries,star wars: the clone wars,Star Wars: The Clone Wars,0,2008,2020,23,"Action,Adventure,Animation",tt3473222,6,2,8.2,2250,,,,,,,,
tt0458290,tvSeries,star wars: the clone wars,Star Wars: The Clone Wars,0,2008,2020,23,"Action,Adventure,Animation",tt3473226,6,3,8.3,2291,,,,,,,,
tt0458290,tvSeries,star wars: the clone wars,Star Wars: The Clone Wars,0,2008,2020,23,"Action,Adventure,Animation",tt3473230,6,4,8.8,2727,,,,,,,,
tt0458290,tvSeries,star wars: the clone wars,Star Wars: The Clone Wars,0,2008,2020,23,"Action,Adventure,Animation",tt3473232,6,5,7.1,1890,,,,,,,,
tt0458290,tvSeries,star wars: the clone wars,Star Wars: The Clone Wars,0,2008,2020,23,"Action,Adventure,Animation",tt3473238,6,6,7.2,1892,,,,,,,,
tt0458290,tvSeries,star wars: the clone wars,Star Wars: The Clone Wars,0,2008,2020,23,"Action,Adventure,Animation",tt3473242,6,7,7.4,1882,,,,,,,,
tt0458290,tvSeries,star wars: the clone wars,Star Wars: The Clone Wars,0,2008,2020,23,"Action,Adventure,Animation",tt3473250,6,9,6.8,1848,,,,,,,,
tt0458290,tvSeries,star wars: the clone wars,Star Wars: The Clone Wars,0,2008,2020,23,"Action,Adventure,Animation",tt3473254,6,8,6.5,1874,,,,,,,,
tt0458290,tvSeries,star wars: the clone wars,Star Wars: The Clone Wars,0,2008,2020,23,"Action,Adventure,Animation",tt3473256,6,10,8.5,2287,,,,,,,,
tt0458290,tvSeries,star wars: the clone wars,Star Wars: The Clone Wars,0,2008,2020,23,"Action,Adventure,Animation",tt3473258,6,11,8.8,2606,,,,,,,,
tt0458290,tvSeries,star wars: the clone wars,Star Wars: The Clone Wars,0,2008,2020,23,"Action,Adventure,Animation",tt3473260,6,12,8.7,2512,,,,,,,,
tt0458290,tvSeries,star wars: the clone wars,Star Wars: The Clone Wars,0,2008,2020,23,"Action,Adventure,Animation",tt3473262,6,13,9.1,2896,,,,,,,,
tt2930604,tvSeries,star wars: rebels,Star Wars: Rebels,0,2014,2018,22,"Action,Adventure,Animation",tt3816564,1,1,7.5,2481,,,,,,,,
tt2930604,tvSeries,star wars: rebels,Star Wars: Rebels,0,2014,2018,22,"Action,Adventure,Animation",tt3953998,\N,\N,7.4,505,,,,,,,,
tt2930604,tvSeries,star wars: rebels,Star Wars: Rebels,0,2014,2018,22,"Action,Adventure,Animation",tt3958252,\N,\N,7,507,,,,,,,,
tt2930604,tvSeries,star wars: rebels,Star Wars: Rebels,0,2014,2018,22,"Action,Adventure,Animation",tt3961988,\N,\N,7.2,477,,,,,,,,
tt2930604,tvSeries,star wars: rebels,Star Wars: Rebels,0,2014,2018,22,"Action,Adventure,Animation",tt3961992,\N,\N,7.1,473,,,,,,,,
tt2930604,tvSeries,star wars: rebels,Star Wars: Rebels,0,2014,2018,22,"Action,Adventure,Animation",tt3999226,1,2,7.1,1923,,,,,,,,
tt2930604,tvSeries,star wars: rebels,Star Wars: Rebels,0,2014,2018,22,"Action,Adventure,Animation",tt3999228,1,4,8,1946,,,,,,,,
tt2930604,tvSeries,star wars: rebels,Star Wars: Rebels,0,2014,2018,22,"Action,Adventure,Animation",tt4106258,1,5,7.4,1800,,,,,,,,
tt2930604,tvSeries,star wars: rebels,Star Wars: Rebels,0,2014,2018,22,"Action,Adventure,Animation",tt4123790,1,6,6.8,1770,,,,,,,,
tt2930604,tvSeries,star wars: rebels,Star Wars: Rebels,0,2014,2018,22,"Action,Adventure,Animation",tt4123792,1,7,7.7,1772,,,,,,,,
tt2930604,tvSeries,star wars: rebels,Star Wars: Rebels,0,2014,2018,22,"Action,Adventure,Animation",tt4123794,1,9,8.4,1923,,,,,,,,
tt2930604,tvSeries,star wars: rebels,Star Wars: Rebels,0,2014,2018,22,"Action,Adventure,Animation",tt4196830,1,8,8.1,1805,,,,,,,,
tt2930604,tvSeries,star wars: rebels,Star Wars: Rebels,0,2014,2018,22,"Action,Adventure,Animation",tt4236878,1,10,7.4,1723,,,,,,,,
tt2930604,tvSeries,star wars: rebels,Star Wars: Rebels,0,2014,2018,22,"Action,Adventure,Animation",tt4236882,1,11,7.4,1653,,,,,,,,
tt2930604,tvSeries,star wars: rebels,Star Wars: Rebels,0,2014,2018,22,"Action,Adventure,Animation",tt4236884,1,13,7.9,1682,,,,,,,,
tt2930604,tvSeries,star wars: rebels,Star Wars: Rebels,0,2014,2018,22,"Action,Adventure,Animation",tt4236886,1,14,9.2,2407,,,,,,,,
tt2930604,tvSeries,star wars: rebels,Star Wars: Rebels,0,2014,2018,22,"Action,Adventure,Animation",tt4236888,1,12,8.2,1768,,,,,,,,
tt2930604,tvSeries,star wars: rebels,Star Wars: Rebels,0,2014,2018,22,"Action,Adventure,Animation",tt4236890,2,1,8.9,2362,,,,,,,,
tt2930604,tvSeries,star wars: rebels,Star Wars: Rebels,0,2014,2018,22,"Action,Adventure,Animation",tt4236892,2,2,8.3,1777,,,,,,,,
tt0458290,tvSeries,star wars: the clone wars,Star Wars: The Clone Wars,0,2008,2020,23,"Action,Adventure,Animation",tt4655358,7,4,8.5,3520,tt4655358,2,Unfinished Business,\N,\N,original,\N,1
tt0458290,tvSeries,star wars: the clone wars,Star Wars: The Clone Wars,0,2008,2020,23,"Action,Adventure,Animation",tt4655360,7,1,8.2,3889,tt4655360,2,The Bad Batch,\N,\N,original,\N,1
tt0458290,tvSeries,star wars: the clone wars,Star Wars: The Clone Wars,0,2008,2020,23,"Action,Adventure,Animation",tt4655362,7,3,7.7,3288,tt4655362,1,On the Wings of Keeradaks,\N,\N,original,\N,1
tt0458290,tvSeries,star wars: the clone wars,Star Wars: The Clone Wars,0,2008,2020,23,"Action,Adventure,Animation",tt4655364,7,2,8.1,3442,tt4655364,1,A Distant Echo,\N,\N,original,\N,1
tt2930604,tvSeries,star wars: rebels,Star Wars: Rebels,0,2014,2018,22,"Action,Adventure,Animation",tt5041828,2,5,7.7,1598,,,,,,,,
tt2930604,tvSeries,star wars: rebels,Star Wars: Rebels,0,2014,2018,22,"Action,Adventure,Animation",tt5041830,2,4,8.3,1754,,,,,,,,
tt2930604,tvSeries,star wars: rebels,Star Wars: Rebels,0,2014,2018,22,"Action,Adventure,Animation",tt5097466,2,6,7.2,1533,,,,,,,,
tt2930604,tvSeries,star wars: rebels,Star Wars: Rebels,0,2014,2018,22,"Action,Adventure,Animation",tt5097602,2,7,7.7,1529,,,,,,,,
tt2930604,tvSeries,star wars: rebels,Star Wars: Rebels,0,2014,2018,22,"Action,Adventure,Animation",tt5097604,2,8,7,1516,,,,,,,,
tt2930604,tvSeries,star wars: rebels,Star Wars: Rebels,0,2014,2018,22,"Action,Adventure,Animation",tt5179096,2,9,8.2,1608,,,,,,,,
tt2930604,tvSeries,star wars: rebels,Star Wars: Rebels,0,2014,2018,22,"Action,Adventure,Animation",tt5186182,2,10,8.5,1727,,,,,,,,
tt2930604,tvSeries,star wars: rebels,Star Wars: Rebels,0,2014,2018,22,"Action,Adventure,Animation",tt5186186,2,11,7.8,1521,tt5186186,2,Legacy,\N,\N,original,\N,1
tt2930604,tvSeries,star wars: rebels,Star Wars: Rebels,0,2014,2018,22,"Action,Adventure,Animation",tt5239020,2,12,7.9,1559,,,,,,,,
tt2930604,tvSeries,star wars: rebels,Star Wars: Rebels,0,2014,2018,22,"Action,Adventure,Animation",tt5340562,2,13,7.6,1471,,,,,,,,
tt2930604,tvSeries,star wars: rebels,Star Wars: Rebels,0,2014,2018,22,"Action,Adventure,Animation",tt5340564,2,14,7.4,1535,,,,,,,,
tt2930604,tvSeries,star wars: rebels,Star Wars: Rebels,0,2014,2018,22,"Action,Adventure,Animation",tt5340566,2,15,7.1,1504,,,,,,,,
tt2930604,tvSeries,star wars: rebels,Star Wars: Rebels,0,2014,2018,22,"Action,Adventure,Animation",tt5340570,2,16,7.4,1443,,,,,,,,
tt2930604,tvSeries,star wars: rebels,Star Wars: Rebels,0,2014,2018,22,"Action,Adventure,Animation",tt5340576,2,17,8.3,1693,,,,,,,,
tt2930604,tvSeries,star wars: rebels,Star Wars: Rebels,0,2014,2018,22,"Action,Adventure,Animation",tt5340580,2,20,7.3,1482,,,,,,,,
tt2930604,tvSeries,star wars: rebels,Star Wars: Rebels,0,2014,2018,22,"Action,Adventure,Animation",tt5340582,2,22,9.8,5143,,,,,,,,
tt2930604,tvSeries,star wars: rebels,Star Wars: Rebels,0,2014,2018,22,"Action,Adventure,Animation",tt5340586,2,19,7.4,1570,,,,,,,,
tt2930604,tvSeries,star wars: rebels,Star Wars: Rebels,0,2014,2018,22,"Action,Adventure,Animation",tt5340588,2,18,9.1,2077,,,,,,,,
tt2930604,tvSeries,star wars: rebels,Star Wars: Rebels,0,2014,2018,22,"Action,Adventure,Animation",tt5654976,3,1,8.2,1686,,,,,,,,
tt2930604,tvSeries,star wars: rebels,Star Wars: Rebels,0,2014,2018,22,"Action,Adventure,Animation",tt5949758,3,3,8.4,1614,,,,,,,,
tt2930604,tvSeries,star wars: rebels,Star Wars: Rebels,0,2014,2018,22,"Action,Adventure,Animation",tt6050798,3,7,7.5,1395,,,,,,,,
tt2930604,tvSeries,star wars: rebels,Star Wars: Rebels,0,2014,2018,22,"Action,Adventure,Animation",tt6050870,3,4,7.5,1447,,,,,,,,
tt2930604,tvSeries,star wars: rebels,Star Wars: Rebels,0,2014,2018,22,"Action,Adventure,Animation",tt6050874,3,5,7.7,1454,,,,,,,,
tt2930604,tvSeries,star wars: rebels,Star Wars: Rebels,0,2014,2018,22,"Action,Adventure,Animation",tt6050876,3,6,8.2,1600,,,,,,,,
tt2930604,tvSeries,star wars: rebels,Star Wars: Rebels,0,2014,2018,22,"Action,Adventure,Animation",tt6072172,3,8,6.3,1518,,,,,,,,
tt2930604,tvSeries,star wars: rebels,Star Wars: Rebels,0,2014,2018,22,"Action,Adventure,Animation",tt6153810,3,9,6.6,1443,,,,,,,,
tt2930604,tvSeries,star wars: rebels,Star Wars: Rebels,0,2014,2018,22,"Action,Adventure,Animation",tt6201810,3,10,8,1469,,,,,,,,
tt2930604,tvSeries,star wars: rebels,Star Wars: Rebels,0,2014,2018,22,"Action,Adventure,Animation",tt6201812,3,11,8.5,1591,,,,,,,,
tt2930604,tvSeries,star wars: rebels,Star Wars: Rebels,0,2014,2018,22,"Action,Adventure,Animation",tt6205216,3,12,7.8,1416,,,,,,,,
tt2930604,tvSeries,star wars: rebels,Star Wars: Rebels,0,2014,2018,22,"Action,Adventure,Animation",tt6328646,3,14,7.1,1355,,,,,,,,
tt2930604,tvSeries,star wars: rebels,Star Wars: Rebels,0,2014,2018,22,"Action,Adventure,Animation",tt6328656,3,15,8.9,1972,,,,,,,,
tt2930604,tvSeries,star wars: rebels,Star Wars: Rebels,0,2014,2018,22,"Action,Adventure,Animation",tt6395360,3,16,8.5,1610,,,,,,,,
tt2930604,tvSeries,star wars: rebels,Star Wars: Rebels,0,2014,2018,22,"Action,Adventure,Animation",tt6395368,3,17,8.8,1655,,,,,,,,
tt2930604,tvSeries,star wars: rebels,Star Wars: Rebels,0,2014,2018,22,"Action,Adventure,Animation",tt6410726,3,13,7.8,1354,,,,,,,,
tt2930604,tvSeries,star wars: rebels,Star Wars: Rebels,0,2014,2018,22,"Action,Adventure,Animation",tt6518584,3,18,8,1444,,,,,,,,
tt2930604,tvSeries,star wars: rebels,Star Wars: Rebels,0,2014,2018,22,"Action,Adventure,Animation",tt6518606,3,19,6.9,1430,,,,,,,,
tt2930604,tvSeries,star wars: rebels,Star Wars: Rebels,0,2014,2018,22,"Action,Adventure,Animation",tt6518610,3,20,9.3,2694,,,,,,,,
tt2930604,tvSeries,star wars: rebels,Star Wars: Rebels,0,2014,2018,22,"Action,Adventure,Animation",tt6518616,3,21,8.9,1628,,,,,,,,
tt2930604,tvSeries,star wars: rebels,Star Wars: Rebels,0,2014,2018,22,"Action,Adventure,Animation",tt6603454,4,1,7.7,1445,,,,,,,,
tt2930604,tvSeries,star wars: rebels,Star Wars: Rebels,0,2014,2018,22,"Action,Adventure,Animation",tt6695278,3,22,8.8,1512,,,,,,,,
tt2930604,tvSeries,star wars: rebels,Star Wars: Rebels,0,2014,2018,22,"Action,Adventure,Animation",tt7388410,4,2,7.7,1407,,,,,,,,
tt2930604,tvSeries,star wars: rebels,Star Wars: Rebels,0,2014,2018,22,"Action,Adventure,Animation",tt7388414,4,3,7.7,1319,,,,,,,,
tt2930604,tvSeries,star wars: rebels,Star Wars: Rebels,0,2014,2018,22,"Action,Adventure,Animation",tt7388436,4,4,8,1322,,,,,,,,
tt2930604,tvSeries,star wars: rebels,Star Wars: Rebels,0,2014,2018,22,"Action,Adventure,Animation",tt7401852,4,7,8.1,1313,,,,,,,,
tt2930604,tvSeries,star wars: rebels,Star Wars: Rebels,0,2014,2018,22,"Action,Adventure,Animation",tt7401854,4,8,7,1274,,,,,,,,
tt2930604,tvSeries,star wars: rebels,Star Wars: Rebels,0,2014,2018,22,"Action,Adventure,Animation",tt7401858,4,9,8.2,1361,,,,,,,,
tt2930604,tvSeries,star wars: rebels,Star Wars: Rebels,0,2014,2018,22,"Action,Adventure,Animation",tt7435126,4,6,8,1316,,,,,,,,
tt2930604,tvSeries,star wars: rebels,Star Wars: Rebels,0,2014,2018,22,"Action,Adventure,Animation",tt7445250,4,5,7.5,1276,,,,,,,,
tt2930604,tvSeries,star wars: rebels,Star Wars: Rebels,0,2014,2018,22,"Action,Adventure,Animation",tt7616072,4,15,9.3,2278,tt7616072,2,Family Reunion - and Farewell,\N,\N,original,\N,1
tt2930604,tvSeries,star wars: rebels,Star Wars: Rebels,0,2014,2018,22,"Action,Adventure,Animation",tt7616092,4,12,8.5,1494,,,,,,,,
tt2930604,tvSeries,star wars: rebels,Star Wars: Rebels,0,2014,2018,22,"Action,Adventure,Animation",tt7616104,4,10,9.4,2276,,,,,,,,
tt2930604,tvSeries,star wars: rebels,Star Wars: Rebels,0,2014,2018,22,"Action,Adventure,Animation",tt7616108,4,11,8.3,1489,,,,,,,,
tt2930604,tvSeries,star wars: rebels,Star Wars: Rebels,0,2014,2018,22,"Action,Adventure,Animation",tt7616110,4,14,8.7,1524,,,,,,,,
tt2930604,tvSeries,star wars: rebels,Star Wars: Rebels,0,2014,2018,22,"Action,Adventure,Animation",tt7616114,4,13,9.4,2274,,,,,,,,
tt0458290,tvSeries,star wars: the clone wars,Star Wars: The Clone Wars,0,2008,2020,23,"Action,Adventure,Animation",tt8728624,7,5,6.5,3562,tt8728624,1,Gone with a Trace,US,\N,\N,\N,0
tt0458290,tvSeries,star wars: the clone wars,Star Wars: The Clone Wars,0,2008,2020,23,"Action,Adventure,Animation",tt9313944,7,6,6.1,3474,tt9313944,1,Deal No Deal,US,\N,\N,\N,0
tt0458290,tvSeries,star wars: the clone wars,Star Wars: The Clone Wars,0,2008,2020,23,"Action,Adventure,Animation",tt9313956,7,7,6,3498,tt9313956,1,Dangerous Debt,US,\N,\N,\N,0
tt0458290,tvSeries,star wars: the clone wars,Star Wars: The Clone Wars,0,2008,2020,23,"Action,Adventure,Animation",tt9313960,7,8,7,3273,,,,,,,,
tt0458290,tvSeries,star wars: the clone wars,Star Wars: The Clone Wars,0,2008,2020,23,"Action,Adventure,Animation",tt9313962,7,9,9.7,9529,tt9313962,1,Old Friends Not Forgotten,US,\N,\N,\N,0
tt0458290,tvSeries,star wars: the clone wars,Star Wars: The Clone Wars,0,2008,2020,23,"Action,Adventure,Animation",tt9313966,7,10,9.9,12487,tt9313966,1,The Phantom Apprentice,US,\N,\N,\N,0
tt0458290,tvSeries,star wars: the clone wars,Star Wars: The Clone Wars,0,2008,2020,23,"Action,Adventure,Animation",tt9313968,7,11,9.8,11424,tt9313968,1,Shattered,US,\N,\N,\N,0
tt0458290,tvSeries,star wars: the clone wars,Star Wars: The Clone Wars,0,2008,2020,23,"Action,Adventure,Animation",tt9313978,7,12,9.9,12605,tt9313978,1,Victory and Death,US,\N,\N,\N,0
tt0076759,movie,star wars,Star Wars,0,1977,\N,121,"Action,Adventure,Fantasy",,,,8.6,1316124,,,,,,,,
tt0080684,movie,star wars: episode v - the empire strikes back,The Empire Strikes Back,0,1980,\N,124,"Action,Adventure,Fantasy",,,,8.7,1244640,,,,,,,,
tt0086190,movie,star wars: episode vi - return of the jedi,Star Wars: Episode VI - Return of the Jedi,0,1983,\N,131,"Action,Adventure,Fantasy",,,,8.3,1017049,,,,,,,,
tt0120915,movie,star wars: episode i - the phantom menace,Star Wars: Episode I - The Phantom Menace,0,1999,\N,136,"Action,Adventure,Fantasy",,,,6.5,777303,,,,,,,,
tt0121765,movie,star wars: episode ii - attack of the clones,Star Wars: Episode II - Attack of the Clones,0,2002,\N,142,"Action,Adventure,Fantasy",,,,6.6,685915,,,,,,,,
tt0121766,movie,star wars: episode iii - revenge of the sith,Star Wars: Episode III - Revenge of the Sith,0,2005,\N,140,"Action,Adventure,Fantasy",,,,7.6,760340,,,,,,,,
tt0193524,tvMovie,the star wars holiday special,The Star Wars Holiday Special,0,1978,\N,97,"Adventure,Family,Musical",,,,2.1,15082,,,,,,,,
tt10300394,movie,star wars: rogue squadron,Rogue Squadron,0,2023,\N,\N,"Action,Adventure,Drama",,,,,,,,,,,,,
tt10300396,movie,untitled taika waititi star wars film,Untitled Taika Waititi Star Wars Film,0,2025,\N,\N,"Action,Adventure,Fantasy",,,,,,,,,,,,,
tt10300398,movie,untitled star wars film,Untitled Star Wars Film,0,2027,\N,\N,"Action,Adventure,Fantasy",,,,,,,,,,,,,
tt2488496,movie,star wars: episode vii - the force awakens,Star Wars: Episode VII - The Force Awakens,0,2015,\N,138,"Action,Adventure,Sci-Fi",,,,7.9,906050,,,,,,,,
tt2527336,movie,star wars: episode viii - the last jedi,Star Wars: Episode VIII - The Last Jedi,0,2017,\N,152,"Action,Adventure,Fantasy",,,,6.9,608814,,,,,,,,
tt2527338,movie,star wars: episode ix - the rise of skywalker,Star Wars: Episode IX - The Rise of Skywalker,0,2019,\N,141,"Action,Adventure,Fantasy",,,,6.5,426389,,,,,,,,
tt3748528,movie,rogue one: a star wars story,Rogue One,0,2016,\N,133,"Action,Adventure,Sci-Fi",,,,7.8,602504,,,,,,,,
tt3778644,movie,solo: a star wars story,Solo: A Star Wars Story,0,2018,\N,135,"Action,Adventure,Sci-Fi",,,,6.9,328892,,,,,,,,